{
    "QwenVL-7B": {
        "link": "",
        "results": {
            "platform": {
                "desktop": {
                    "icon": 0.04285714285714286,
                    "text": 0.08247422680412371,
                    "avg": 0.0658682634730539
                },
                "mobile": {
                    "icon": 0.05687203791469194,
                    "text": 0.0896551724137931,
                    "avg": 0.07584830339321358
                },
                "web": {
                    "icon": 0.06403940886699508,
                    "text": 0.017094017094017096,
                    "avg": 0.038901601830663615
                }
            },
            "overall_avg": 0.060534591194968554
        }
    },
    "UGround (7B)": {
        "link": "",
        "results": {
            "platform": {
                "desktop": {
                    "icon": 0.6142857142857143,
                    "text": 0.8505154639175257,
                    "avg": 0.7514970059880239
                },
                "mobile": {
                    "icon": 0.6161137440758294,
                    "text": 0.8448275862068966,
                    "avg": 0.7485029940119761
                },
                "web": {
                    "icon": 0.7192118226600985,
                    "text": 0.8461538461538461,
                    "avg": 0.7871853546910755
                }
            },
            "overall_avg": 0.7625786163522013
        }
    },
    "SeeClick (7B)": {
        "link": "",
        "results": {
            "platform": {
                "desktop": {
                    "icon": 0.30714285714285716,
                    "text": 0.6958762886597938,
                    "avg": 0.5329341317365269
                },
                "mobile": {
                    "icon": 0.4834123222748815,
                    "text": 0.7793103448275862,
                    "avg": 0.654690618762475
                },
                "web": {
                    "icon": 0.22167487684729065,
                    "text": 0.5726495726495726,
                    "avg": 0.4096109839816934
                }
            },
            "overall_avg": 0.5385220125786163
        }
    },
    "Qwen2-VL-7B": {
        "link": "",
        "results": {
            "platform": {
                "desktop": {
                    "icon": 0.29285714285714287,
                    "text": 0.4793814432989691,
                    "avg": 0.40119760479041916
                },
                "mobile": {
                    "icon": 0.46445497630331756,
                    "text": 0.5275862068965518,
                    "avg": 0.500998003992016
                },
                "web": {
                    "icon": 0.26108374384236455,
                    "text": 0.2905982905982906,
                    "avg": 0.2768878718535469
                }
            },
            "overall_avg": 0.3977987421383648
        }
    },
    "MiniCPM-V (7B)": {
        "link": "",
        "results": {
            "platform": {
                "desktop": {
                    "icon": 0.18571428571428572,
                    "text": 0.6907216494845361,
                    "avg": 0.47904191616766467
                },
                "mobile": {
                    "icon": 0.18009478672985782,
                    "text": 0.596551724137931,
                    "avg": 0.42115768463073855
                },
                "web": {
                    "icon": 0.2660098522167488,
                    "text": 0.6794871794871795,
                    "avg": 0.4874141876430206
                }
            },
            "overall_avg": 0.4591194968553459
        }
    },
    "OSAtlas-7B": {
        "link": "",
        "results": {
            "platform": {
                "desktop": {
                    "icon": 0.6357142857142857,
                    "text": 0.9072164948453608,
                    "avg": 0.7934131736526946
                },
                "mobile": {
                    "icon": 0.7393364928909952,
                    "text": 0.9379310344827586,
                    "avg": 0.8542914171656687
                },
                "web": {
                    "icon": 0.7733990147783252,
                    "text": 0.8974358974358975,
                    "avg": 0.8398169336384439
                }
            },
            "overall_avg": 0.8333333333333334
        }
    },
    "ShowUI (2B)": {
        "link": "",
        "results": {
            "platform": {
                "desktop": {
                    "icon": 0.5928571428571429,
                    "text": 0.788659793814433,
                    "avg": 0.7065868263473054
                },
                "mobile": {
                    "icon": 0.7535545023696683,
                    "text": 0.9206896551724137,
                    "avg": 0.8502994011976048
                },
                "web": {
                    "icon": 0.6108374384236454,
                    "text": 0.8418803418803419,
                    "avg": 0.7345537757437071
                }
            },
            "overall_avg": 0.7727987421383647
        }
    },
    "OSAtlas-4B": {
        "link": "",
        "results": {
            "platform": {
                "desktop": {
                    "icon": 0.4642857142857143,
                    "text": 0.6443298969072165,
                    "avg": 0.5688622754491018
                },
                "mobile": {
                    "icon": 0.6398104265402843,
                    "text": 0.8275862068965517,
                    "avg": 0.7485029940119761
                },
                "web": {
                    "icon": 0.6009852216748769,
                    "text": 0.7863247863247863,
                    "avg": 0.700228832951945
                }
            },
            "overall_avg": 0.684748427672956
        }
    },
    "CogAgent (18B)": {
        "link": "",
        "results": {
            "platform": {
                "desktop": {
                    "icon": 0.20714285714285716,
                    "text": 0.7577319587628866,
                    "avg": 0.5269461077844312
                },
                "mobile": {
                    "icon": 0.27014218009478674,
                    "text": 0.6931034482758621,
                    "avg": 0.5149700598802395
                },
                "web": {
                    "icon": 0.31527093596059114,
                    "text": 0.7435897435897436,
                    "avg": 0.5446224256292906
                }
            },
            "overall_avg": 0.5283018867924528
        }
    }
}